uniqueId,image_name,split
0d28dff8-ef56-4e1b-96e3-6b865a40f052,0d28dff8-ef56-4e1b-96e3-6b865a40f052_1.jpg,gallery
0d28dff8-ef56-4e1b-96e3-6b865a40f052,0d28dff8-ef56-4e1b-96e3-6b865a40f052_2.jpg,gallery
0d28dff8-ef56-4e1b-96e3-6b865a40f052,0d28dff8-ef56-4e1b-96e3-6b865a40f052_3.jpg,gallery
0d28dff8-ef56-4e1b-96e3-6b865a40f052,0d28dff8-ef56-4e1b-96e3-6b865a40f052_4.jpg,query
0ec7ce8a-4aeb-46e3-95e3-fe8f4e5047e1,0ec7ce8a-4aeb-46e3-95e3-fe8f4e5047e1_1.jpg,gallery
0ec7ce8a-4aeb-46e3-95e3-fe8f4e5047e1,0ec7ce8a-4aeb-46e3-95e3-fe8f4e5047e1_2.jpg,gallery
0ec7ce8a-4aeb-46e3-95e3-fe8f4e5047e1,0ec7ce8a-4aeb-46e3-95e3-fe8f4e5047e1_3.jpg,gallery
0ec7ce8a-4aeb-46e3-95e3-fe8f4e5047e1,0ec7ce8a-4aeb-46e3-95e3-fe8f4e5047e1_4.jpg,query
0faa8172-55af-4bbc-95b6-b1786eb70bca,0faa8172-55af-4bbc-95b6-b1786eb70bca_1.jpg,gallery
0faa8172-55af-4bbc-95b6-b1786eb70bca,0faa8172-55af-4bbc-95b6-b1786eb70bca_2.jpg,gallery
0faa8172-55af-4bbc-95b6-b1786eb70bca,0faa8172-55af-4bbc-95b6-b1786eb70bca_3.jpg,query
13237f57-0bb5-4331-bd04-833c77ca84f1,13237f57-0bb5-4331-bd04-833c77ca84f1_1.jpg,gallery
13237f57-0bb5-4331-bd04-833c77ca84f1,13237f57-0bb5-4331-bd04-833c77ca84f1_2.jpg,gallery
13237f57-0bb5-4331-bd04-833c77ca84f1,13237f57-0bb5-4331-bd04-833c77ca84f1_3.jpg,gallery
13237f57-0bb5-4331-bd04-833c77ca84f1,13237f57-0bb5-4331-bd04-833c77ca84f1_4.jpg,query
14808e12-e900-42ea-8597-abf1088da5b5,14808e12-e900-42ea-8597-abf1088da5b5_1.jpg,gallery
14808e12-e900-42ea-8597-abf1088da5b5,14808e12-e900-42ea-8597-abf1088da5b5_2.jpg,gallery
14808e12-e900-42ea-8597-abf1088da5b5,14808e12-e900-42ea-8597-abf1088da5b5_3.jpg,gallery
14808e12-e900-42ea-8597-abf1088da5b5,14808e12-e900-42ea-8597-abf1088da5b5_4.jpg,query
15fda071-d4d2-4ec8-b2a3-36a0e3c225a1,15fda071-d4d2-4ec8-b2a3-36a0e3c225a1_1.jpg,gallery
15fda071-d4d2-4ec8-b2a3-36a0e3c225a1,15fda071-d4d2-4ec8-b2a3-36a0e3c225a1_2.jpg,gallery
15fda071-d4d2-4ec8-b2a3-36a0e3c225a1,15fda071-d4d2-4ec8-b2a3-36a0e3c225a1_3.jpg,query
19567ebd-0bd3-4824-9cd5-2527a83f3279,19567ebd-0bd3-4824-9cd5-2527a83f3279_1.jpg,gallery
19567ebd-0bd3-4824-9cd5-2527a83f3279,19567ebd-0bd3-4824-9cd5-2527a83f3279_2.jpg,gallery
19567ebd-0bd3-4824-9cd5-2527a83f3279,19567ebd-0bd3-4824-9cd5-2527a83f3279_3.jpg,gallery
19567ebd-0bd3-4824-9cd5-2527a83f3279,19567ebd-0bd3-4824-9cd5-2527a83f3279_4.jpg,query
1cf72407-3aa0-4162-9fa4-f97b48dec420,1cf72407-3aa0-4162-9fa4-f97b48dec420_1.jpg,gallery
1cf72407-3aa0-4162-9fa4-f97b48dec420,1cf72407-3aa0-4162-9fa4-f97b48dec420_2.jpg,gallery
1cf72407-3aa0-4162-9fa4-f97b48dec420,1cf72407-3aa0-4162-9fa4-f97b48dec420_3.jpg,gallery
1cf72407-3aa0-4162-9fa4-f97b48dec420,1cf72407-3aa0-4162-9fa4-f97b48dec420_4.jpg,query
227285f2-30c2-46df-93e1-6a952b1e4dc9,227285f2-30c2-46df-93e1-6a952b1e4dc9_1.jpg,gallery
227285f2-30c2-46df-93e1-6a952b1e4dc9,227285f2-30c2-46df-93e1-6a952b1e4dc9_2.jpg,gallery
227285f2-30c2-46df-93e1-6a952b1e4dc9,227285f2-30c2-46df-93e1-6a952b1e4dc9_3.jpg,query
28b1acd4-cdd9-428a-a6e9-127ec54879ee,28b1acd4-cdd9-428a-a6e9-127ec54879ee_1.jpg,gallery
28b1acd4-cdd9-428a-a6e9-127ec54879ee,28b1acd4-cdd9-428a-a6e9-127ec54879ee_2.jpg,gallery
28b1acd4-cdd9-428a-a6e9-127ec54879ee,28b1acd4-cdd9-428a-a6e9-127ec54879ee_3.jpg,query
2aec48c7-24c2-4836-8f68-92fdc8c30b1d,2aec48c7-24c2-4836-8f68-92fdc8c30b1d_1.jpg,gallery
2aec48c7-24c2-4836-8f68-92fdc8c30b1d,2aec48c7-24c2-4836-8f68-92fdc8c30b1d_2.jpg,gallery
2aec48c7-24c2-4836-8f68-92fdc8c30b1d,2aec48c7-24c2-4836-8f68-92fdc8c30b1d_3.jpg,gallery
2aec48c7-24c2-4836-8f68-92fdc8c30b1d,2aec48c7-24c2-4836-8f68-92fdc8c30b1d_4.jpg,query
2f098e83-b788-41e8-af8e-a9eed3747801,2f098e83-b788-41e8-af8e-a9eed3747801_1.jpg,gallery
2f098e83-b788-41e8-af8e-a9eed3747801,2f098e83-b788-41e8-af8e-a9eed3747801_2.jpg,gallery
2f098e83-b788-41e8-af8e-a9eed3747801,2f098e83-b788-41e8-af8e-a9eed3747801_3.jpg,query
3b45df48-a4d2-4502-bb13-4144514a9971,3b45df48-a4d2-4502-bb13-4144514a9971_1.jpg,gallery
3b45df48-a4d2-4502-bb13-4144514a9971,3b45df48-a4d2-4502-bb13-4144514a9971_2.jpg,gallery
3b45df48-a4d2-4502-bb13-4144514a9971,3b45df48-a4d2-4502-bb13-4144514a9971_3.jpg,query
3e5d96ed-300f-458e-ac25-ecfbf1ad2ca1,3e5d96ed-300f-458e-ac25-ecfbf1ad2ca1_1.jpg,gallery
3e5d96ed-300f-458e-ac25-ecfbf1ad2ca1,3e5d96ed-300f-458e-ac25-ecfbf1ad2ca1_2.jpg,gallery
3e5d96ed-300f-458e-ac25-ecfbf1ad2ca1,3e5d96ed-300f-458e-ac25-ecfbf1ad2ca1_3.jpg,gallery
3e5d96ed-300f-458e-ac25-ecfbf1ad2ca1,3e5d96ed-300f-458e-ac25-ecfbf1ad2ca1_4.jpg,query
4705c694-7902-4f7b-a3a5-049445410e0b,4705c694-7902-4f7b-a3a5-049445410e0b_1.jpg,gallery
4705c694-7902-4f7b-a3a5-049445410e0b,4705c694-7902-4f7b-a3a5-049445410e0b_2.jpg,gallery
4705c694-7902-4f7b-a3a5-049445410e0b,4705c694-7902-4f7b-a3a5-049445410e0b_3.jpg,query
4826e596-98d4-4fbb-9ace-07ce39085e31,4826e596-98d4-4fbb-9ace-07ce39085e31_1.jpg,gallery
4826e596-98d4-4fbb-9ace-07ce39085e31,4826e596-98d4-4fbb-9ace-07ce39085e31_2.jpg,gallery
4826e596-98d4-4fbb-9ace-07ce39085e31,4826e596-98d4-4fbb-9ace-07ce39085e31_3.jpg,gallery
4826e596-98d4-4fbb-9ace-07ce39085e31,4826e596-98d4-4fbb-9ace-07ce39085e31_4.jpg,query
4c265060-6812-4793-88ca-80e76c946d03,4c265060-6812-4793-88ca-80e76c946d03_1.jpg,gallery
4c265060-6812-4793-88ca-80e76c946d03,4c265060-6812-4793-88ca-80e76c946d03_2.jpg,gallery
4c265060-6812-4793-88ca-80e76c946d03,4c265060-6812-4793-88ca-80e76c946d03_3.jpg,gallery
4c265060-6812-4793-88ca-80e76c946d03,4c265060-6812-4793-88ca-80e76c946d03_4.jpg,query
4d2a0db4-a803-44f3-b44a-47c6cd99d0f9,4d2a0db4-a803-44f3-b44a-47c6cd99d0f9_1.jpg,gallery
4d2a0db4-a803-44f3-b44a-47c6cd99d0f9,4d2a0db4-a803-44f3-b44a-47c6cd99d0f9_2.jpg,gallery
4d2a0db4-a803-44f3-b44a-47c6cd99d0f9,4d2a0db4-a803-44f3-b44a-47c6cd99d0f9_3.jpg,query
5774d01e-aed9-496b-af8c-bae9e3604fd9,5774d01e-aed9-496b-af8c-bae9e3604fd9_1.jpg,gallery
5774d01e-aed9-496b-af8c-bae9e3604fd9,5774d01e-aed9-496b-af8c-bae9e3604fd9_2.jpg,gallery
5774d01e-aed9-496b-af8c-bae9e3604fd9,5774d01e-aed9-496b-af8c-bae9e3604fd9_3.jpg,query
6970642c-31a0-43e9-a86e-786c28a9143a,6970642c-31a0-43e9-a86e-786c28a9143a_1.jpg,gallery
6970642c-31a0-43e9-a86e-786c28a9143a,6970642c-31a0-43e9-a86e-786c28a9143a_2.jpg,gallery
6970642c-31a0-43e9-a86e-786c28a9143a,6970642c-31a0-43e9-a86e-786c28a9143a_3.jpg,gallery
6970642c-31a0-43e9-a86e-786c28a9143a,6970642c-31a0-43e9-a86e-786c28a9143a_4.jpg,query
75b494aa-c54d-4da3-b1d9-0ef9e756ae35,75b494aa-c54d-4da3-b1d9-0ef9e756ae35_1.jpg,gallery
75b494aa-c54d-4da3-b1d9-0ef9e756ae35,75b494aa-c54d-4da3-b1d9-0ef9e756ae35_2.jpg,gallery
75b494aa-c54d-4da3-b1d9-0ef9e756ae35,75b494aa-c54d-4da3-b1d9-0ef9e756ae35_3.jpg,gallery
75b494aa-c54d-4da3-b1d9-0ef9e756ae35,75b494aa-c54d-4da3-b1d9-0ef9e756ae35_4.jpg,query
78efc104-66f8-4f0d-b2c9-617f71cc8557,78efc104-66f8-4f0d-b2c9-617f71cc8557_1.jpg,gallery
78efc104-66f8-4f0d-b2c9-617f71cc8557,78efc104-66f8-4f0d-b2c9-617f71cc8557_2.jpg,gallery
78efc104-66f8-4f0d-b2c9-617f71cc8557,78efc104-66f8-4f0d-b2c9-617f71cc8557_3.jpg,query
7be19f95-9b56-49ed-98b6-0c39e6e76661,7be19f95-9b56-49ed-98b6-0c39e6e76661_1.jpg,gallery
7be19f95-9b56-49ed-98b6-0c39e6e76661,7be19f95-9b56-49ed-98b6-0c39e6e76661_2.jpg,gallery
7be19f95-9b56-49ed-98b6-0c39e6e76661,7be19f95-9b56-49ed-98b6-0c39e6e76661_3.jpg,query
7e1400cf-3f57-4236-9027-561ac7345c2c,7e1400cf-3f57-4236-9027-561ac7345c2c_1.jpg,gallery
7e1400cf-3f57-4236-9027-561ac7345c2c,7e1400cf-3f57-4236-9027-561ac7345c2c_2.jpg,gallery
7e1400cf-3f57-4236-9027-561ac7345c2c,7e1400cf-3f57-4236-9027-561ac7345c2c_3.jpg,query
8040ab3d-499c-4b31-b1f0-1a46beb53a99,8040ab3d-499c-4b31-b1f0-1a46beb53a99_1.jpg,gallery
8040ab3d-499c-4b31-b1f0-1a46beb53a99,8040ab3d-499c-4b31-b1f0-1a46beb53a99_2.jpg,gallery
8040ab3d-499c-4b31-b1f0-1a46beb53a99,8040ab3d-499c-4b31-b1f0-1a46beb53a99_3.jpg,gallery
8040ab3d-499c-4b31-b1f0-1a46beb53a99,8040ab3d-499c-4b31-b1f0-1a46beb53a99_4.jpg,query
83d28ce6-dc7e-4c19-a8b7-c091f4ca18aa,83d28ce6-dc7e-4c19-a8b7-c091f4ca18aa_1.jpg,gallery
83d28ce6-dc7e-4c19-a8b7-c091f4ca18aa,83d28ce6-dc7e-4c19-a8b7-c091f4ca18aa_2.jpg,gallery
83d28ce6-dc7e-4c19-a8b7-c091f4ca18aa,83d28ce6-dc7e-4c19-a8b7-c091f4ca18aa_3.jpg,query
8a786e02-0240-475e-a949-24cc4775826e,8a786e02-0240-475e-a949-24cc4775826e_1.jpg,gallery
8a786e02-0240-475e-a949-24cc4775826e,8a786e02-0240-475e-a949-24cc4775826e_2.jpg,gallery
8a786e02-0240-475e-a949-24cc4775826e,8a786e02-0240-475e-a949-24cc4775826e_3.jpg,gallery
8a786e02-0240-475e-a949-24cc4775826e,8a786e02-0240-475e-a949-24cc4775826e_4.jpg,query
9599fe5e-db7e-4400-a65c-ce6d12943c91,9599fe5e-db7e-4400-a65c-ce6d12943c91_1.jpg,gallery
9599fe5e-db7e-4400-a65c-ce6d12943c91,9599fe5e-db7e-4400-a65c-ce6d12943c91_2.jpg,gallery
9599fe5e-db7e-4400-a65c-ce6d12943c91,9599fe5e-db7e-4400-a65c-ce6d12943c91_3.jpg,query
9d262d27-8f39-4f30-9cc3-734781c95ee7,9d262d27-8f39-4f30-9cc3-734781c95ee7_1.jpg,gallery
9d262d27-8f39-4f30-9cc3-734781c95ee7,9d262d27-8f39-4f30-9cc3-734781c95ee7_2.jpg,gallery
9d262d27-8f39-4f30-9cc3-734781c95ee7,9d262d27-8f39-4f30-9cc3-734781c95ee7_3.jpg,query
a5c9810c-9822-4e9f-ab9a-bac4cf3d07cf,a5c9810c-9822-4e9f-ab9a-bac4cf3d07cf_1.jpg,gallery
a5c9810c-9822-4e9f-ab9a-bac4cf3d07cf,a5c9810c-9822-4e9f-ab9a-bac4cf3d07cf_2.jpg,gallery
a5c9810c-9822-4e9f-ab9a-bac4cf3d07cf,a5c9810c-9822-4e9f-ab9a-bac4cf3d07cf_3.jpg,gallery
a5c9810c-9822-4e9f-ab9a-bac4cf3d07cf,a5c9810c-9822-4e9f-ab9a-bac4cf3d07cf_4.jpg,query
a75552ab-4970-4f13-92d7-bb9b5e5c28f4,a75552ab-4970-4f13-92d7-bb9b5e5c28f4_1.jpg,gallery
a75552ab-4970-4f13-92d7-bb9b5e5c28f4,a75552ab-4970-4f13-92d7-bb9b5e5c28f4_2.jpg,gallery
a75552ab-4970-4f13-92d7-bb9b5e5c28f4,a75552ab-4970-4f13-92d7-bb9b5e5c28f4_3.jpg,gallery
a75552ab-4970-4f13-92d7-bb9b5e5c28f4,a75552ab-4970-4f13-92d7-bb9b5e5c28f4_4.jpg,query
b19daa6e-e1e1-4729-8fc7-d58a34b35a30,b19daa6e-e1e1-4729-8fc7-d58a34b35a30_1.jpg,gallery
b19daa6e-e1e1-4729-8fc7-d58a34b35a30,b19daa6e-e1e1-4729-8fc7-d58a34b35a30_2.jpg,gallery
b19daa6e-e1e1-4729-8fc7-d58a34b35a30,b19daa6e-e1e1-4729-8fc7-d58a34b35a30_3.jpg,gallery
b19daa6e-e1e1-4729-8fc7-d58a34b35a30,b19daa6e-e1e1-4729-8fc7-d58a34b35a30_4.jpg,query
b4d8fe11-64b2-43f3-a298-084876d70892,b4d8fe11-64b2-43f3-a298-084876d70892_1.jpg,gallery
b4d8fe11-64b2-43f3-a298-084876d70892,b4d8fe11-64b2-43f3-a298-084876d70892_2.jpg,gallery
b4d8fe11-64b2-43f3-a298-084876d70892,b4d8fe11-64b2-43f3-a298-084876d70892_3.jpg,gallery
b4d8fe11-64b2-43f3-a298-084876d70892,b4d8fe11-64b2-43f3-a298-084876d70892_4.jpg,query
bafec937-674d-46dd-8715-1a3461e88eea,bafec937-674d-46dd-8715-1a3461e88eea_1.jpg,gallery
bafec937-674d-46dd-8715-1a3461e88eea,bafec937-674d-46dd-8715-1a3461e88eea_2.jpg,gallery
bafec937-674d-46dd-8715-1a3461e88eea,bafec937-674d-46dd-8715-1a3461e88eea_3.jpg,gallery
bafec937-674d-46dd-8715-1a3461e88eea,bafec937-674d-46dd-8715-1a3461e88eea_4.jpg,query
bce289be-580b-4727-a59c-b808c6962339,bce289be-580b-4727-a59c-b808c6962339_1.jpg,gallery
bce289be-580b-4727-a59c-b808c6962339,bce289be-580b-4727-a59c-b808c6962339_2.jpg,gallery
bce289be-580b-4727-a59c-b808c6962339,bce289be-580b-4727-a59c-b808c6962339_3.jpg,gallery
bce289be-580b-4727-a59c-b808c6962339,bce289be-580b-4727-a59c-b808c6962339_4.jpg,query
c2a16272-d0c4-4106-89ef-923c1f18febc,c2a16272-d0c4-4106-89ef-923c1f18febc_1.jpg,gallery
c2a16272-d0c4-4106-89ef-923c1f18febc,c2a16272-d0c4-4106-89ef-923c1f18febc_2.jpg,gallery
c2a16272-d0c4-4106-89ef-923c1f18febc,c2a16272-d0c4-4106-89ef-923c1f18febc_3.jpg,gallery
c2a16272-d0c4-4106-89ef-923c1f18febc,c2a16272-d0c4-4106-89ef-923c1f18febc_4.jpg,query
cf2a12d6-79e0-45d5-8580-cab6fa8b1947,cf2a12d6-79e0-45d5-8580-cab6fa8b1947_1.jpg,gallery
cf2a12d6-79e0-45d5-8580-cab6fa8b1947,cf2a12d6-79e0-45d5-8580-cab6fa8b1947_2.jpg,gallery
cf2a12d6-79e0-45d5-8580-cab6fa8b1947,cf2a12d6-79e0-45d5-8580-cab6fa8b1947_3.jpg,query
d617ff8f-2a21-4735-b910-bf8c6c7a1476,d617ff8f-2a21-4735-b910-bf8c6c7a1476_1.jpg,gallery
d617ff8f-2a21-4735-b910-bf8c6c7a1476,d617ff8f-2a21-4735-b910-bf8c6c7a1476_2.jpg,gallery
d617ff8f-2a21-4735-b910-bf8c6c7a1476,d617ff8f-2a21-4735-b910-bf8c6c7a1476_3.jpg,gallery
d617ff8f-2a21-4735-b910-bf8c6c7a1476,d617ff8f-2a21-4735-b910-bf8c6c7a1476_4.jpg,query
dac1f1bb-808a-423e-9509-6713a4e15814,dac1f1bb-808a-423e-9509-6713a4e15814_1.jpg,gallery
dac1f1bb-808a-423e-9509-6713a4e15814,dac1f1bb-808a-423e-9509-6713a4e15814_2.jpg,gallery
dac1f1bb-808a-423e-9509-6713a4e15814,dac1f1bb-808a-423e-9509-6713a4e15814_3.jpg,gallery
dac1f1bb-808a-423e-9509-6713a4e15814,dac1f1bb-808a-423e-9509-6713a4e15814_4.jpg,query
dcd96fb2-c127-4967-a86b-cbe92a57b1f0,dcd96fb2-c127-4967-a86b-cbe92a57b1f0_1.jpg,gallery
dcd96fb2-c127-4967-a86b-cbe92a57b1f0,dcd96fb2-c127-4967-a86b-cbe92a57b1f0_2.jpg,gallery
dcd96fb2-c127-4967-a86b-cbe92a57b1f0,dcd96fb2-c127-4967-a86b-cbe92a57b1f0_3.jpg,gallery
dcd96fb2-c127-4967-a86b-cbe92a57b1f0,dcd96fb2-c127-4967-a86b-cbe92a57b1f0_4.jpg,query
de6a5cd4-13c6-4090-b03e-96d88ec49e15,de6a5cd4-13c6-4090-b03e-96d88ec49e15_1.jpg,gallery
de6a5cd4-13c6-4090-b03e-96d88ec49e15,de6a5cd4-13c6-4090-b03e-96d88ec49e15_2.jpg,gallery
de6a5cd4-13c6-4090-b03e-96d88ec49e15,de6a5cd4-13c6-4090-b03e-96d88ec49e15_3.jpg,gallery
de6a5cd4-13c6-4090-b03e-96d88ec49e15,de6a5cd4-13c6-4090-b03e-96d88ec49e15_4.jpg,query
e49de9ac-28cc-4b40-a40e-3c79c81d84fb,e49de9ac-28cc-4b40-a40e-3c79c81d84fb_1.jpg,gallery
e49de9ac-28cc-4b40-a40e-3c79c81d84fb,e49de9ac-28cc-4b40-a40e-3c79c81d84fb_2.jpg,gallery
e49de9ac-28cc-4b40-a40e-3c79c81d84fb,e49de9ac-28cc-4b40-a40e-3c79c81d84fb_3.jpg,query
e8ebea16-4697-4e6a-9f27-bd6f5f35a4d5,e8ebea16-4697-4e6a-9f27-bd6f5f35a4d5_1.jpg,gallery
e8ebea16-4697-4e6a-9f27-bd6f5f35a4d5,e8ebea16-4697-4e6a-9f27-bd6f5f35a4d5_2.jpg,gallery
e8ebea16-4697-4e6a-9f27-bd6f5f35a4d5,e8ebea16-4697-4e6a-9f27-bd6f5f35a4d5_3.jpg,query
f227ed7e-7819-41e5-9429-800988bd9ccc,f227ed7e-7819-41e5-9429-800988bd9ccc_1.jpg,gallery
f227ed7e-7819-41e5-9429-800988bd9ccc,f227ed7e-7819-41e5-9429-800988bd9ccc_2.jpg,gallery
f227ed7e-7819-41e5-9429-800988bd9ccc,f227ed7e-7819-41e5-9429-800988bd9ccc_3.jpg,gallery
f227ed7e-7819-41e5-9429-800988bd9ccc,f227ed7e-7819-41e5-9429-800988bd9ccc_4.jpg,query
f5cdcaa1-6ed3-4204-82f3-109fb1ab0f65,f5cdcaa1-6ed3-4204-82f3-109fb1ab0f65_1.jpg,gallery
f5cdcaa1-6ed3-4204-82f3-109fb1ab0f65,f5cdcaa1-6ed3-4204-82f3-109fb1ab0f65_2.jpg,gallery
f5cdcaa1-6ed3-4204-82f3-109fb1ab0f65,f5cdcaa1-6ed3-4204-82f3-109fb1ab0f65_3.jpg,gallery
f5cdcaa1-6ed3-4204-82f3-109fb1ab0f65,f5cdcaa1-6ed3-4204-82f3-109fb1ab0f65_4.jpg,query
f8237f6b-bbbb-4bf9-ac84-605fd8857a9d,f8237f6b-bbbb-4bf9-ac84-605fd8857a9d_1.jpg,gallery
f8237f6b-bbbb-4bf9-ac84-605fd8857a9d,f8237f6b-bbbb-4bf9-ac84-605fd8857a9d_2.jpg,gallery
f8237f6b-bbbb-4bf9-ac84-605fd8857a9d,f8237f6b-bbbb-4bf9-ac84-605fd8857a9d_3.jpg,gallery
f8237f6b-bbbb-4bf9-ac84-605fd8857a9d,f8237f6b-bbbb-4bf9-ac84-605fd8857a9d_4.jpg,query
f8237f6b-bbbb-4bf9-ac84-605fd8857a9d,f8237f6b-bbbb-4bf9-ac84-605fd8857a9d_5.jpg,query
f8237f6b-bbbb-4bf9-ac84-605fd8857a9d,f8237f6b-bbbb-4bf9-ac84-605fd8857a9d_6.jpg,query
fb8f9bf7-d6e9-483a-a611-7ed082b88075,fb8f9bf7-d6e9-483a-a611-7ed082b88075_1.jpg,gallery
fb8f9bf7-d6e9-483a-a611-7ed082b88075,fb8f9bf7-d6e9-483a-a611-7ed082b88075_2.jpg,gallery
fb8f9bf7-d6e9-483a-a611-7ed082b88075,fb8f9bf7-d6e9-483a-a611-7ed082b88075_3.jpg,query
fca77c38-008e-4c75-b8c5-44a3e6471ff9,fca77c38-008e-4c75-b8c5-44a3e6471ff9_1.jpg,gallery
fca77c38-008e-4c75-b8c5-44a3e6471ff9,fca77c38-008e-4c75-b8c5-44a3e6471ff9_2.jpg,gallery
fca77c38-008e-4c75-b8c5-44a3e6471ff9,fca77c38-008e-4c75-b8c5-44a3e6471ff9_3.jpg,gallery
fca77c38-008e-4c75-b8c5-44a3e6471ff9,fca77c38-008e-4c75-b8c5-44a3e6471ff9_4.jpg,query
fca77c38-008e-4c75-b8c5-44a3e6471ff9,fca77c38-008e-4c75-b8c5-44a3e6471ff9_5.jpg,query
fca77c38-008e-4c75-b8c5-44a3e6471ff9,fca77c38-008e-4c75-b8c5-44a3e6471ff9_6.jpg,query
fca77c38-008e-4c75-b8c5-44a3e6471ff9,fca77c38-008e-4c75-b8c5-44a3e6471ff9_7.jpg,query
fd8744e0-7dfb-4ace-a7a1-4481c6b1c121,fd8744e0-7dfb-4ace-a7a1-4481c6b1c121_1.jpg,gallery
fd8744e0-7dfb-4ace-a7a1-4481c6b1c121,fd8744e0-7dfb-4ace-a7a1-4481c6b1c121_2.jpg,gallery
fd8744e0-7dfb-4ace-a7a1-4481c6b1c121,fd8744e0-7dfb-4ace-a7a1-4481c6b1c121_3.jpg,gallery
fd8744e0-7dfb-4ace-a7a1-4481c6b1c121,fd8744e0-7dfb-4ace-a7a1-4481c6b1c121_4.jpg,query
feec75cc-fc4a-4f31-96b6-9e8a31df99ee,feec75cc-fc4a-4f31-96b6-9e8a31df99ee_1.jpg,gallery
feec75cc-fc4a-4f31-96b6-9e8a31df99ee,feec75cc-fc4a-4f31-96b6-9e8a31df99ee_2.jpg,gallery
feec75cc-fc4a-4f31-96b6-9e8a31df99ee,feec75cc-fc4a-4f31-96b6-9e8a31df99ee_3.jpg,gallery
feec75cc-fc4a-4f31-96b6-9e8a31df99ee,feec75cc-fc4a-4f31-96b6-9e8a31df99ee_4.jpg,query
