image_name,animal_id,blur_score,contrast_before,contrast_after,brightness_before,brightness_after,contrast_change,brightness_change,status
0d28dff8-ef56-4e1b-96e3-6b865a40f052_1.jpg,0d28dff8-ef56-4e1b-96e3-6b865a40f052,1271.71,49.32,56.94,97.22,108.27,7.62,11.04,Improved
0d28dff8-ef56-4e1b-96e3-6b865a40f052_2.jpg,0d28dff8-ef56-4e1b-96e3-6b865a40f052,1271.71,49.32,56.94,97.22,108.27,7.62,11.04,Improved
0d28dff8-ef56-4e1b-96e3-6b865a40f052_3.jpg,0d28dff8-ef56-4e1b-96e3-6b865a40f052,1271.71,49.32,56.94,97.22,108.27,7.62,11.04,Improved
0d28dff8-ef56-4e1b-96e3-6b865a40f052_4.jpg,0d28dff8-ef56-4e1b-96e3-6b865a40f052,1271.71,49.32,56.94,97.22,108.27,7.62,11.04,Improved
0ec7ce8a-4aeb-46e3-95e3-fe8f4e5047e1_1.jpg,0ec7ce8a-4aeb-46e3-95e3-fe8f4e5047e1,1982.81,57.8,62.28,113.01,121.71,4.47,8.7,Improved
0ec7ce8a-4aeb-46e3-95e3-fe8f4e5047e1_2.jpg,0ec7ce8a-4aeb-46e3-95e3-fe8f4e5047e1,1982.81,57.8,62.28,113.01,121.71,4.47,8.7,Improved
0ec7ce8a-4aeb-46e3-95e3-fe8f4e5047e1_3.jpg,0ec7ce8a-4aeb-46e3-95e3-fe8f4e5047e1,1982.81,57.8,62.28,113.01,121.71,4.47,8.7,Improved
0ec7ce8a-4aeb-46e3-95e3-fe8f4e5047e1_4.jpg,0ec7ce8a-4aeb-46e3-95e3-fe8f4e5047e1,1982.81,57.8,62.28,113.01,121.71,4.47,8.7,Improved
0faa8172-55af-4bbc-95b6-b1786eb70bca_1.jpg,0faa8172-55af-4bbc-95b6-b1786eb70bca,495.47,48.4,57.42,96.45,113.89,9.02,17.44,Improved
0faa8172-55af-4bbc-95b6-b1786eb70bca_2.jpg,0faa8172-55af-4bbc-95b6-b1786eb70bca,495.47,48.4,57.42,96.45,113.89,9.02,17.44,Improved
0faa8172-55af-4bbc-95b6-b1786eb70bca_3.jpg,0faa8172-55af-4bbc-95b6-b1786eb70bca,495.47,48.4,57.42,96.45,113.89,9.02,17.44,Improved
13237f57-0bb5-4331-bd04-833c77ca84f1_1.jpg,13237f57-0bb5-4331-bd04-833c77ca84f1,1519.72,63.82,66.21,138.7,135.64,2.39,-3.06,Improved
13237f57-0bb5-4331-bd04-833c77ca84f1_2.jpg,13237f57-0bb5-4331-bd04-833c77ca84f1,1519.72,63.82,66.21,138.7,135.64,2.39,-3.06,Improved
13237f57-0bb5-4331-bd04-833c77ca84f1_3.jpg,13237f57-0bb5-4331-bd04-833c77ca84f1,1519.72,63.82,66.21,138.7,135.64,2.39,-3.06,Improved
13237f57-0bb5-4331-bd04-833c77ca84f1_4.jpg,13237f57-0bb5-4331-bd04-833c77ca84f1,1519.72,63.82,66.21,138.7,135.64,2.39,-3.06,Improved
14808e12-e900-42ea-8597-abf1088da5b5_1.jpg,14808e12-e900-42ea-8597-abf1088da5b5,1007.14,65.46,68.56,94.47,109.75,3.1,15.28,Improved
14808e12-e900-42ea-8597-abf1088da5b5_2.jpg,14808e12-e900-42ea-8597-abf1088da5b5,1007.14,65.46,68.56,94.47,109.75,3.1,15.28,Improved
14808e12-e900-42ea-8597-abf1088da5b5_3.jpg,14808e12-e900-42ea-8597-abf1088da5b5,1007.14,65.46,68.56,94.47,109.75,3.1,15.28,Improved
14808e12-e900-42ea-8597-abf1088da5b5_4.jpg,14808e12-e900-42ea-8597-abf1088da5b5,1007.14,65.46,68.56,94.47,109.75,3.1,15.28,Improved
15fda071-d4d2-4ec8-b2a3-36a0e3c225a1_1.jpg,15fda071-d4d2-4ec8-b2a3-36a0e3c225a1,1672.34,42.65,53.79,122.6,128.11,11.14,5.51,Improved
15fda071-d4d2-4ec8-b2a3-36a0e3c225a1_2.jpg,15fda071-d4d2-4ec8-b2a3-36a0e3c225a1,1672.34,42.65,53.79,122.6,128.11,11.14,5.51,Improved
15fda071-d4d2-4ec8-b2a3-36a0e3c225a1_3.jpg,15fda071-d4d2-4ec8-b2a3-36a0e3c225a1,1672.34,42.65,53.79,122.6,128.11,11.14,5.51,Improved
19567ebd-0bd3-4824-9cd5-2527a83f3279_1.jpg,19567ebd-0bd3-4824-9cd5-2527a83f3279,168.73,31.3,45.29,69.28,92.33,13.99,23.05,Improved
19567ebd-0bd3-4824-9cd5-2527a83f3279_2.jpg,19567ebd-0bd3-4824-9cd5-2527a83f3279,168.73,31.3,45.29,69.28,92.33,13.99,23.05,Improved
19567ebd-0bd3-4824-9cd5-2527a83f3279_3.jpg,19567ebd-0bd3-4824-9cd5-2527a83f3279,168.73,31.3,45.29,69.28,92.33,13.99,23.05,Improved
19567ebd-0bd3-4824-9cd5-2527a83f3279_4.jpg,19567ebd-0bd3-4824-9cd5-2527a83f3279,168.73,31.3,45.29,69.28,92.33,13.99,23.05,Improved
1cf72407-3aa0-4162-9fa4-f97b48dec420_1.jpg,1cf72407-3aa0-4162-9fa4-f97b48dec420,1627.26,48.52,55.05,125.46,127.41,6.52,1.95,Improved
1cf72407-3aa0-4162-9fa4-f97b48dec420_2.jpg,1cf72407-3aa0-4162-9fa4-f97b48dec420,1627.26,48.52,55.05,125.46,127.41,6.52,1.95,Improved
1cf72407-3aa0-4162-9fa4-f97b48dec420_3.jpg,1cf72407-3aa0-4162-9fa4-f97b48dec420,1627.26,48.52,55.05,125.46,127.41,6.52,1.95,Improved
1cf72407-3aa0-4162-9fa4-f97b48dec420_4.jpg,1cf72407-3aa0-4162-9fa4-f97b48dec420,1627.26,48.52,55.05,125.46,127.41,6.52,1.95,Improved
227285f2-30c2-46df-93e1-6a952b1e4dc9_1.jpg,227285f2-30c2-46df-93e1-6a952b1e4dc9,12954.31,59.55,66.37,135.98,126.17,6.82,-9.8,Improved
227285f2-30c2-46df-93e1-6a952b1e4dc9_2.jpg,227285f2-30c2-46df-93e1-6a952b1e4dc9,12954.31,59.55,66.37,135.98,126.17,6.82,-9.8,Improved
227285f2-30c2-46df-93e1-6a952b1e4dc9_3.jpg,227285f2-30c2-46df-93e1-6a952b1e4dc9,12954.31,59.55,66.37,135.98,126.17,6.82,-9.8,Improved
28b1acd4-cdd9-428a-a6e9-127ec54879ee_1.jpg,28b1acd4-cdd9-428a-a6e9-127ec54879ee,1566.16,54.07,50.42,87.43,92.97,-3.65,5.55,Degraded
28b1acd4-cdd9-428a-a6e9-127ec54879ee_2.jpg,28b1acd4-cdd9-428a-a6e9-127ec54879ee,1566.16,54.07,50.42,87.43,92.97,-3.65,5.55,Degraded
28b1acd4-cdd9-428a-a6e9-127ec54879ee_3.jpg,28b1acd4-cdd9-428a-a6e9-127ec54879ee,1566.16,54.07,50.42,87.43,92.97,-3.65,5.55,Degraded
2aec48c7-24c2-4836-8f68-92fdc8c30b1d_1.jpg,2aec48c7-24c2-4836-8f68-92fdc8c30b1d,410.49,56.89,62.19,118.45,121.71,5.3,3.26,Improved
2aec48c7-24c2-4836-8f68-92fdc8c30b1d_2.jpg,2aec48c7-24c2-4836-8f68-92fdc8c30b1d,410.49,56.89,62.19,118.45,121.71,5.3,3.26,Improved
2aec48c7-24c2-4836-8f68-92fdc8c30b1d_3.jpg,2aec48c7-24c2-4836-8f68-92fdc8c30b1d,410.49,56.89,62.19,118.45,121.71,5.3,3.26,Improved
2aec48c7-24c2-4836-8f68-92fdc8c30b1d_4.jpg,2aec48c7-24c2-4836-8f68-92fdc8c30b1d,410.49,56.89,62.19,118.45,121.71,5.3,3.26,Improved
2f098e83-b788-41e8-af8e-a9eed3747801_1.jpg,2f098e83-b788-41e8-af8e-a9eed3747801,714.97,51.26,54.81,82.18,98.54,3.55,16.36,Improved
2f098e83-b788-41e8-af8e-a9eed3747801_2.jpg,2f098e83-b788-41e8-af8e-a9eed3747801,714.97,51.26,54.81,82.18,98.54,3.55,16.36,Improved
2f098e83-b788-41e8-af8e-a9eed3747801_3.jpg,2f098e83-b788-41e8-af8e-a9eed3747801,714.97,51.26,54.81,82.18,98.54,3.55,16.36,Improved
3b45df48-a4d2-4502-bb13-4144514a9971_1.jpg,3b45df48-a4d2-4502-bb13-4144514a9971,1762.77,57.21,64.69,137.91,133.67,7.48,-4.24,Improved
3b45df48-a4d2-4502-bb13-4144514a9971_2.jpg,3b45df48-a4d2-4502-bb13-4144514a9971,1762.77,57.21,64.69,137.91,133.67,7.48,-4.24,Improved
3b45df48-a4d2-4502-bb13-4144514a9971_3.jpg,3b45df48-a4d2-4502-bb13-4144514a9971,1762.77,57.21,64.69,137.91,133.67,7.48,-4.24,Improved
3e5d96ed-300f-458e-ac25-ecfbf1ad2ca1_1.jpg,3e5d96ed-300f-458e-ac25-ecfbf1ad2ca1,1231.65,55.04,64.26,110.0,121.17,9.22,11.18,Improved
3e5d96ed-300f-458e-ac25-ecfbf1ad2ca1_2.jpg,3e5d96ed-300f-458e-ac25-ecfbf1ad2ca1,1231.65,55.04,64.26,110.0,121.17,9.22,11.18,Improved
3e5d96ed-300f-458e-ac25-ecfbf1ad2ca1_3.jpg,3e5d96ed-300f-458e-ac25-ecfbf1ad2ca1,1231.65,55.04,64.26,110.0,121.17,9.22,11.18,Improved
3e5d96ed-300f-458e-ac25-ecfbf1ad2ca1_4.jpg,3e5d96ed-300f-458e-ac25-ecfbf1ad2ca1,1231.65,55.04,64.26,110.0,121.17,9.22,11.18,Improved
4705c694-7902-4f7b-a3a5-049445410e0b_1.jpg,4705c694-7902-4f7b-a3a5-049445410e0b,753.56,56.42,57.71,100.39,115.0,1.29,14.61,Improved
4705c694-7902-4f7b-a3a5-049445410e0b_2.jpg,4705c694-7902-4f7b-a3a5-049445410e0b,753.56,56.42,57.71,100.39,115.0,1.29,14.61,Improved
4705c694-7902-4f7b-a3a5-049445410e0b_3.jpg,4705c694-7902-4f7b-a3a5-049445410e0b,753.56,56.42,57.71,100.39,115.0,1.29,14.61,Improved
4826e596-98d4-4fbb-9ace-07ce39085e31_1.jpg,4826e596-98d4-4fbb-9ace-07ce39085e31,1142.38,43.51,59.64,119.94,125.06,16.14,5.11,Improved
4826e596-98d4-4fbb-9ace-07ce39085e31_2.jpg,4826e596-98d4-4fbb-9ace-07ce39085e31,1142.38,43.51,59.64,119.94,125.06,16.14,5.11,Improved
4826e596-98d4-4fbb-9ace-07ce39085e31_3.jpg,4826e596-98d4-4fbb-9ace-07ce39085e31,1142.38,43.51,59.64,119.94,125.06,16.14,5.11,Improved
4826e596-98d4-4fbb-9ace-07ce39085e31_4.jpg,4826e596-98d4-4fbb-9ace-07ce39085e31,1142.38,43.51,59.64,119.94,125.06,16.14,5.11,Improved
4c265060-6812-4793-88ca-80e76c946d03_1.jpg,4c265060-6812-4793-88ca-80e76c946d03,819.87,44.14,56.38,119.03,121.11,12.25,2.08,Improved
4c265060-6812-4793-88ca-80e76c946d03_2.jpg,4c265060-6812-4793-88ca-80e76c946d03,819.87,44.14,56.38,119.03,121.11,12.25,2.08,Improved
4c265060-6812-4793-88ca-80e76c946d03_3.jpg,4c265060-6812-4793-88ca-80e76c946d03,819.87,44.14,56.38,119.03,121.11,12.25,2.08,Improved
4c265060-6812-4793-88ca-80e76c946d03_4.jpg,4c265060-6812-4793-88ca-80e76c946d03,819.87,44.14,56.38,119.03,121.11,12.25,2.08,Improved
4d2a0db4-a803-44f3-b44a-47c6cd99d0f9_1.jpg,4d2a0db4-a803-44f3-b44a-47c6cd99d0f9,2902.95,48.5,56.86,178.27,163.13,8.35,-15.14,Improved
4d2a0db4-a803-44f3-b44a-47c6cd99d0f9_2.jpg,4d2a0db4-a803-44f3-b44a-47c6cd99d0f9,2902.95,48.5,56.86,178.27,163.13,8.35,-15.14,Improved
4d2a0db4-a803-44f3-b44a-47c6cd99d0f9_3.jpg,4d2a0db4-a803-44f3-b44a-47c6cd99d0f9,2902.95,48.5,56.86,178.27,163.13,8.35,-15.14,Improved
5774d01e-aed9-496b-af8c-bae9e3604fd9_1.jpg,5774d01e-aed9-496b-af8c-bae9e3604fd9,1467.49,57.04,62.83,128.87,131.26,5.79,2.38,Improved
5774d01e-aed9-496b-af8c-bae9e3604fd9_2.jpg,5774d01e-aed9-496b-af8c-bae9e3604fd9,1467.49,57.04,62.83,128.87,131.26,5.79,2.38,Improved
5774d01e-aed9-496b-af8c-bae9e3604fd9_3.jpg,5774d01e-aed9-496b-af8c-bae9e3604fd9,1467.49,57.04,62.83,128.87,131.26,5.79,2.38,Improved
6970642c-31a0-43e9-a86e-786c28a9143a_1.jpg,6970642c-31a0-43e9-a86e-786c28a9143a,1190.35,50.72,55.94,110.09,114.49,5.21,4.4,Improved
6970642c-31a0-43e9-a86e-786c28a9143a_2.jpg,6970642c-31a0-43e9-a86e-786c28a9143a,1190.35,50.72,55.94,110.09,114.49,5.21,4.4,Improved
6970642c-31a0-43e9-a86e-786c28a9143a_3.jpg,6970642c-31a0-43e9-a86e-786c28a9143a,1190.35,50.72,55.94,110.09,114.49,5.21,4.4,Improved
6970642c-31a0-43e9-a86e-786c28a9143a_4.jpg,6970642c-31a0-43e9-a86e-786c28a9143a,1190.35,50.72,55.94,110.09,114.49,5.21,4.4,Improved
75b494aa-c54d-4da3-b1d9-0ef9e756ae35_1.jpg,75b494aa-c54d-4da3-b1d9-0ef9e756ae35,2192.3,53.94,63.8,136.82,126.9,9.86,-9.92,Improved
75b494aa-c54d-4da3-b1d9-0ef9e756ae35_2.jpg,75b494aa-c54d-4da3-b1d9-0ef9e756ae35,2192.3,53.94,63.8,136.82,126.9,9.86,-9.92,Improved
75b494aa-c54d-4da3-b1d9-0ef9e756ae35_3.jpg,75b494aa-c54d-4da3-b1d9-0ef9e756ae35,2192.3,53.94,63.8,136.82,126.9,9.86,-9.92,Improved
75b494aa-c54d-4da3-b1d9-0ef9e756ae35_4.jpg,75b494aa-c54d-4da3-b1d9-0ef9e756ae35,2192.3,53.94,63.8,136.82,126.9,9.86,-9.92,Improved
78efc104-66f8-4f0d-b2c9-617f71cc8557_1.jpg,78efc104-66f8-4f0d-b2c9-617f71cc8557,479.37,64.35,63.6,121.98,127.9,-0.75,5.93,Degraded
78efc104-66f8-4f0d-b2c9-617f71cc8557_2.jpg,78efc104-66f8-4f0d-b2c9-617f71cc8557,479.37,64.35,63.6,121.98,127.9,-0.75,5.93,Degraded
78efc104-66f8-4f0d-b2c9-617f71cc8557_3.jpg,78efc104-66f8-4f0d-b2c9-617f71cc8557,479.37,64.35,63.6,121.98,127.9,-0.75,5.93,Degraded
7be19f95-9b56-49ed-98b6-0c39e6e76661_1.jpg,7be19f95-9b56-49ed-98b6-0c39e6e76661,318.82,42.63,56.77,119.78,124.34,14.14,4.55,Improved
7be19f95-9b56-49ed-98b6-0c39e6e76661_2.jpg,7be19f95-9b56-49ed-98b6-0c39e6e76661,318.82,42.63,56.77,119.78,124.34,14.14,4.55,Improved
7be19f95-9b56-49ed-98b6-0c39e6e76661_3.jpg,7be19f95-9b56-49ed-98b6-0c39e6e76661,318.82,42.63,56.77,119.78,124.34,14.14,4.55,Improved
7e1400cf-3f57-4236-9027-561ac7345c2c_1.jpg,7e1400cf-3f57-4236-9027-561ac7345c2c,199.72,51.4,58.29,135.07,129.35,6.89,-5.72,Improved
7e1400cf-3f57-4236-9027-561ac7345c2c_2.jpg,7e1400cf-3f57-4236-9027-561ac7345c2c,199.72,51.4,58.29,135.07,129.35,6.89,-5.72,Improved
7e1400cf-3f57-4236-9027-561ac7345c2c_3.jpg,7e1400cf-3f57-4236-9027-561ac7345c2c,199.72,51.4,58.29,135.07,129.35,6.89,-5.72,Improved
8040ab3d-499c-4b31-b1f0-1a46beb53a99_1.jpg,8040ab3d-499c-4b31-b1f0-1a46beb53a99,105.59,31.93,47.05,133.31,132.81,15.12,-0.5,Improved
8040ab3d-499c-4b31-b1f0-1a46beb53a99_2.jpg,8040ab3d-499c-4b31-b1f0-1a46beb53a99,105.59,31.93,47.05,133.31,132.81,15.12,-0.5,Improved
8040ab3d-499c-4b31-b1f0-1a46beb53a99_3.jpg,8040ab3d-499c-4b31-b1f0-1a46beb53a99,105.59,31.93,47.05,133.31,132.81,15.12,-0.5,Improved
8040ab3d-499c-4b31-b1f0-1a46beb53a99_4.jpg,8040ab3d-499c-4b31-b1f0-1a46beb53a99,105.59,31.93,47.05,133.31,132.81,15.12,-0.5,Improved
83d28ce6-dc7e-4c19-a8b7-c091f4ca18aa_1.jpg,83d28ce6-dc7e-4c19-a8b7-c091f4ca18aa,1858.26,65.85,62.4,153.41,149.8,-3.45,-3.61,Degraded
83d28ce6-dc7e-4c19-a8b7-c091f4ca18aa_2.jpg,83d28ce6-dc7e-4c19-a8b7-c091f4ca18aa,1858.26,65.85,62.4,153.41,149.8,-3.45,-3.61,Degraded
83d28ce6-dc7e-4c19-a8b7-c091f4ca18aa_3.jpg,83d28ce6-dc7e-4c19-a8b7-c091f4ca18aa,1858.26,65.85,62.4,153.41,149.8,-3.45,-3.61,Degraded
8a786e02-0240-475e-a949-24cc4775826e_1.jpg,8a786e02-0240-475e-a949-24cc4775826e,4330.3,40.28,57.6,170.98,151.16,17.32,-19.83,Improved
8a786e02-0240-475e-a949-24cc4775826e_2.jpg,8a786e02-0240-475e-a949-24cc4775826e,4330.3,40.28,57.6,170.98,151.16,17.32,-19.83,Improved
8a786e02-0240-475e-a949-24cc4775826e_3.jpg,8a786e02-0240-475e-a949-24cc4775826e,4330.3,40.28,57.6,170.98,151.16,17.32,-19.83,Improved
8a786e02-0240-475e-a949-24cc4775826e_4.jpg,8a786e02-0240-475e-a949-24cc4775826e,4330.3,40.28,57.6,170.98,151.16,17.32,-19.83,Improved
9599fe5e-db7e-4400-a65c-ce6d12943c91_1.jpg,9599fe5e-db7e-4400-a65c-ce6d12943c91,10239.26,66.71,63.84,103.74,111.81,-2.87,8.07,Degraded
9599fe5e-db7e-4400-a65c-ce6d12943c91_2.jpg,9599fe5e-db7e-4400-a65c-ce6d12943c91,10239.26,66.71,63.84,103.74,111.81,-2.87,8.07,Degraded
9599fe5e-db7e-4400-a65c-ce6d12943c91_3.jpg,9599fe5e-db7e-4400-a65c-ce6d12943c91,10239.26,66.71,63.84,103.74,111.81,-2.87,8.07,Degraded
9d262d27-8f39-4f30-9cc3-734781c95ee7_1.jpg,9d262d27-8f39-4f30-9cc3-734781c95ee7,902.73,53.98,62.28,114.68,121.04,8.3,6.36,Improved
9d262d27-8f39-4f30-9cc3-734781c95ee7_2.jpg,9d262d27-8f39-4f30-9cc3-734781c95ee7,902.73,53.98,62.28,114.68,121.04,8.3,6.36,Improved
9d262d27-8f39-4f30-9cc3-734781c95ee7_3.jpg,9d262d27-8f39-4f30-9cc3-734781c95ee7,902.73,53.98,62.28,114.68,121.04,8.3,6.36,Improved
a5c9810c-9822-4e9f-ab9a-bac4cf3d07cf_1.jpg,a5c9810c-9822-4e9f-ab9a-bac4cf3d07cf,93.72,77.68,76.56,158.59,158.5,-1.11,-0.09,Degraded
a5c9810c-9822-4e9f-ab9a-bac4cf3d07cf_2.jpg,a5c9810c-9822-4e9f-ab9a-bac4cf3d07cf,93.72,77.68,76.56,158.59,158.5,-1.11,-0.09,Degraded
a5c9810c-9822-4e9f-ab9a-bac4cf3d07cf_3.jpg,a5c9810c-9822-4e9f-ab9a-bac4cf3d07cf,93.72,77.68,76.56,158.59,158.5,-1.11,-0.09,Degraded
a5c9810c-9822-4e9f-ab9a-bac4cf3d07cf_4.jpg,a5c9810c-9822-4e9f-ab9a-bac4cf3d07cf,93.72,77.68,76.56,158.59,158.5,-1.11,-0.09,Degraded
a75552ab-4970-4f13-92d7-bb9b5e5c28f4_1.jpg,a75552ab-4970-4f13-92d7-bb9b5e5c28f4,17974.58,50.52,66.38,120.5,122.84,15.87,2.34,Improved
a75552ab-4970-4f13-92d7-bb9b5e5c28f4_2.jpg,a75552ab-4970-4f13-92d7-bb9b5e5c28f4,17974.58,50.52,66.38,120.5,122.84,15.87,2.34,Improved
a75552ab-4970-4f13-92d7-bb9b5e5c28f4_3.jpg,a75552ab-4970-4f13-92d7-bb9b5e5c28f4,17974.58,50.52,66.38,120.5,122.84,15.87,2.34,Improved
a75552ab-4970-4f13-92d7-bb9b5e5c28f4_4.jpg,a75552ab-4970-4f13-92d7-bb9b5e5c28f4,17974.58,50.52,66.38,120.5,122.84,15.87,2.34,Improved
b19daa6e-e1e1-4729-8fc7-d58a34b35a30_1.jpg,b19daa6e-e1e1-4729-8fc7-d58a34b35a30,1788.72,41.93,56.05,121.3,123.24,14.12,1.94,Improved
b19daa6e-e1e1-4729-8fc7-d58a34b35a30_2.jpg,b19daa6e-e1e1-4729-8fc7-d58a34b35a30,1788.72,41.93,56.05,121.3,123.24,14.12,1.94,Improved
b19daa6e-e1e1-4729-8fc7-d58a34b35a30_3.jpg,b19daa6e-e1e1-4729-8fc7-d58a34b35a30,1788.72,41.93,56.05,121.3,123.24,14.12,1.94,Improved
b19daa6e-e1e1-4729-8fc7-d58a34b35a30_4.jpg,b19daa6e-e1e1-4729-8fc7-d58a34b35a30,1788.72,41.93,56.05,121.3,123.24,14.12,1.94,Improved
b4d8fe11-64b2-43f3-a298-084876d70892_1.jpg,b4d8fe11-64b2-43f3-a298-084876d70892,1453.51,55.47,63.51,140.37,133.56,8.04,-6.81,Improved
b4d8fe11-64b2-43f3-a298-084876d70892_2.jpg,b4d8fe11-64b2-43f3-a298-084876d70892,1453.51,55.47,63.51,140.37,133.56,8.04,-6.81,Improved
b4d8fe11-64b2-43f3-a298-084876d70892_3.jpg,b4d8fe11-64b2-43f3-a298-084876d70892,1453.51,55.47,63.51,140.37,133.56,8.04,-6.81,Improved
b4d8fe11-64b2-43f3-a298-084876d70892_4.jpg,b4d8fe11-64b2-43f3-a298-084876d70892,1453.51,55.47,63.51,140.37,133.56,8.04,-6.81,Improved
bafec937-674d-46dd-8715-1a3461e88eea_1.jpg,bafec937-674d-46dd-8715-1a3461e88eea,163.88,42.26,51.09,110.25,118.81,8.83,8.57,Improved
bafec937-674d-46dd-8715-1a3461e88eea_2.jpg,bafec937-674d-46dd-8715-1a3461e88eea,163.88,42.26,51.09,110.25,118.81,8.83,8.57,Improved
bafec937-674d-46dd-8715-1a3461e88eea_3.jpg,bafec937-674d-46dd-8715-1a3461e88eea,163.88,42.26,51.09,110.25,118.81,8.83,8.57,Improved
bafec937-674d-46dd-8715-1a3461e88eea_4.jpg,bafec937-674d-46dd-8715-1a3461e88eea,163.88,42.26,51.09,110.25,118.81,8.83,8.57,Improved
bce289be-580b-4727-a59c-b808c6962339_1.jpg,bce289be-580b-4727-a59c-b808c6962339,977.88,49.19,55.88,95.3,107.65,6.69,12.35,Improved
bce289be-580b-4727-a59c-b808c6962339_2.jpg,bce289be-580b-4727-a59c-b808c6962339,977.88,49.19,55.88,95.3,107.65,6.69,12.35,Improved
bce289be-580b-4727-a59c-b808c6962339_3.jpg,bce289be-580b-4727-a59c-b808c6962339,977.88,49.19,55.88,95.3,107.65,6.69,12.35,Improved
bce289be-580b-4727-a59c-b808c6962339_4.jpg,bce289be-580b-4727-a59c-b808c6962339,977.88,49.19,55.88,95.3,107.65,6.69,12.35,Improved
c2a16272-d0c4-4106-89ef-923c1f18febc_1.jpg,c2a16272-d0c4-4106-89ef-923c1f18febc,528.72,51.6,57.03,105.27,124.54,5.42,19.27,Improved
c2a16272-d0c4-4106-89ef-923c1f18febc_2.jpg,c2a16272-d0c4-4106-89ef-923c1f18febc,528.72,51.6,57.03,105.27,124.54,5.42,19.27,Improved
c2a16272-d0c4-4106-89ef-923c1f18febc_3.jpg,c2a16272-d0c4-4106-89ef-923c1f18febc,528.72,51.6,57.03,105.27,124.54,5.42,19.27,Improved
c2a16272-d0c4-4106-89ef-923c1f18febc_4.jpg,c2a16272-d0c4-4106-89ef-923c1f18febc,528.72,51.6,57.03,105.27,124.54,5.42,19.27,Improved
cf2a12d6-79e0-45d5-8580-cab6fa8b1947_1.jpg,cf2a12d6-79e0-45d5-8580-cab6fa8b1947,5170.77,52.94,62.46,116.82,123.09,9.52,6.27,Improved
cf2a12d6-79e0-45d5-8580-cab6fa8b1947_2.jpg,cf2a12d6-79e0-45d5-8580-cab6fa8b1947,5170.77,52.94,62.46,116.82,123.09,9.52,6.27,Improved
cf2a12d6-79e0-45d5-8580-cab6fa8b1947_3.jpg,cf2a12d6-79e0-45d5-8580-cab6fa8b1947,5170.77,52.94,62.46,116.82,123.09,9.52,6.27,Improved
d617ff8f-2a21-4735-b910-bf8c6c7a1476_1.jpg,d617ff8f-2a21-4735-b910-bf8c6c7a1476,448.68,61.31,65.9,89.28,101.6,4.59,12.32,Improved
d617ff8f-2a21-4735-b910-bf8c6c7a1476_2.jpg,d617ff8f-2a21-4735-b910-bf8c6c7a1476,448.68,61.31,65.9,89.28,101.6,4.59,12.32,Improved
d617ff8f-2a21-4735-b910-bf8c6c7a1476_3.jpg,d617ff8f-2a21-4735-b910-bf8c6c7a1476,448.68,61.31,65.9,89.28,101.6,4.59,12.32,Improved
d617ff8f-2a21-4735-b910-bf8c6c7a1476_4.jpg,d617ff8f-2a21-4735-b910-bf8c6c7a1476,448.68,61.31,65.9,89.28,101.6,4.59,12.32,Improved
dac1f1bb-808a-423e-9509-6713a4e15814_1.jpg,dac1f1bb-808a-423e-9509-6713a4e15814,697.86,53.99,61.08,133.79,131.56,7.09,-2.24,Improved
dac1f1bb-808a-423e-9509-6713a4e15814_2.jpg,dac1f1bb-808a-423e-9509-6713a4e15814,697.86,53.99,61.08,133.79,131.56,7.09,-2.24,Improved
dac1f1bb-808a-423e-9509-6713a4e15814_3.jpg,dac1f1bb-808a-423e-9509-6713a4e15814,697.86,53.99,61.08,133.79,131.56,7.09,-2.24,Improved
dac1f1bb-808a-423e-9509-6713a4e15814_4.jpg,dac1f1bb-808a-423e-9509-6713a4e15814,697.86,53.99,61.08,133.79,131.56,7.09,-2.24,Improved
dcd96fb2-c127-4967-a86b-cbe92a57b1f0_1.jpg,dcd96fb2-c127-4967-a86b-cbe92a57b1f0,541.16,46.57,52.1,118.58,122.01,5.53,3.43,Improved
dcd96fb2-c127-4967-a86b-cbe92a57b1f0_2.jpg,dcd96fb2-c127-4967-a86b-cbe92a57b1f0,541.16,46.57,52.1,118.58,122.01,5.53,3.43,Improved
dcd96fb2-c127-4967-a86b-cbe92a57b1f0_3.jpg,dcd96fb2-c127-4967-a86b-cbe92a57b1f0,541.16,46.57,52.1,118.58,122.01,5.53,3.43,Improved
dcd96fb2-c127-4967-a86b-cbe92a57b1f0_4.jpg,dcd96fb2-c127-4967-a86b-cbe92a57b1f0,541.16,46.57,52.1,118.58,122.01,5.53,3.43,Improved
de6a5cd4-13c6-4090-b03e-96d88ec49e15_1.jpg,de6a5cd4-13c6-4090-b03e-96d88ec49e15,1094.32,55.83,64.61,121.51,127.92,8.78,6.4,Improved
de6a5cd4-13c6-4090-b03e-96d88ec49e15_2.jpg,de6a5cd4-13c6-4090-b03e-96d88ec49e15,1094.32,55.83,64.61,121.51,127.92,8.78,6.4,Improved
de6a5cd4-13c6-4090-b03e-96d88ec49e15_3.jpg,de6a5cd4-13c6-4090-b03e-96d88ec49e15,1094.32,55.83,64.61,121.51,127.92,8.78,6.4,Improved
de6a5cd4-13c6-4090-b03e-96d88ec49e15_4.jpg,de6a5cd4-13c6-4090-b03e-96d88ec49e15,1094.32,55.83,64.61,121.51,127.92,8.78,6.4,Improved
e49de9ac-28cc-4b40-a40e-3c79c81d84fb_1.jpg,e49de9ac-28cc-4b40-a40e-3c79c81d84fb,60.84,47.81,51.43,125.0,136.2,3.62,11.21,Improved
e49de9ac-28cc-4b40-a40e-3c79c81d84fb_2.jpg,e49de9ac-28cc-4b40-a40e-3c79c81d84fb,60.84,47.81,51.43,125.0,136.2,3.62,11.21,Improved
e49de9ac-28cc-4b40-a40e-3c79c81d84fb_3.jpg,e49de9ac-28cc-4b40-a40e-3c79c81d84fb,60.84,47.81,51.43,125.0,136.2,3.62,11.21,Improved
e8ebea16-4697-4e6a-9f27-bd6f5f35a4d5_1.jpg,e8ebea16-4697-4e6a-9f27-bd6f5f35a4d5,2865.96,53.52,62.02,115.31,123.76,8.5,8.46,Improved
e8ebea16-4697-4e6a-9f27-bd6f5f35a4d5_2.jpg,e8ebea16-4697-4e6a-9f27-bd6f5f35a4d5,2865.96,53.52,62.02,115.31,123.76,8.5,8.46,Improved
e8ebea16-4697-4e6a-9f27-bd6f5f35a4d5_3.jpg,e8ebea16-4697-4e6a-9f27-bd6f5f35a4d5,2865.96,53.52,62.02,115.31,123.76,8.5,8.46,Improved
f227ed7e-7819-41e5-9429-800988bd9ccc_1.jpg,f227ed7e-7819-41e5-9429-800988bd9ccc,649.87,65.79,65.2,144.42,148.19,-0.59,3.77,Degraded
f227ed7e-7819-41e5-9429-800988bd9ccc_2.jpg,f227ed7e-7819-41e5-9429-800988bd9ccc,649.87,65.79,65.2,144.42,148.19,-0.59,3.77,Degraded
f227ed7e-7819-41e5-9429-800988bd9ccc_3.jpg,f227ed7e-7819-41e5-9429-800988bd9ccc,649.87,65.79,65.2,144.42,148.19,-0.59,3.77,Degraded
f227ed7e-7819-41e5-9429-800988bd9ccc_4.jpg,f227ed7e-7819-41e5-9429-800988bd9ccc,649.87,65.79,65.2,144.42,148.19,-0.59,3.77,Degraded
f5cdcaa1-6ed3-4204-82f3-109fb1ab0f65_1.jpg,f5cdcaa1-6ed3-4204-82f3-109fb1ab0f65,1504.69,75.42,70.94,115.23,125.95,-4.47,10.72,Degraded
f5cdcaa1-6ed3-4204-82f3-109fb1ab0f65_2.jpg,f5cdcaa1-6ed3-4204-82f3-109fb1ab0f65,1504.69,75.42,70.94,115.23,125.95,-4.47,10.72,Degraded
f5cdcaa1-6ed3-4204-82f3-109fb1ab0f65_3.jpg,f5cdcaa1-6ed3-4204-82f3-109fb1ab0f65,1504.69,75.42,70.94,115.23,125.95,-4.47,10.72,Degraded
f5cdcaa1-6ed3-4204-82f3-109fb1ab0f65_4.jpg,f5cdcaa1-6ed3-4204-82f3-109fb1ab0f65,1504.69,75.42,70.94,115.23,125.95,-4.47,10.72,Degraded
f8237f6b-bbbb-4bf9-ac84-605fd8857a9d_1.jpg,f8237f6b-bbbb-4bf9-ac84-605fd8857a9d,3606.2,62.05,67.33,108.18,120.98,5.28,12.8,Improved
f8237f6b-bbbb-4bf9-ac84-605fd8857a9d_2.jpg,f8237f6b-bbbb-4bf9-ac84-605fd8857a9d,3606.2,62.05,67.33,108.18,120.98,5.28,12.8,Improved
f8237f6b-bbbb-4bf9-ac84-605fd8857a9d_3.jpg,f8237f6b-bbbb-4bf9-ac84-605fd8857a9d,3606.2,62.05,67.33,108.18,120.98,5.28,12.8,Improved
f8237f6b-bbbb-4bf9-ac84-605fd8857a9d_4.jpg,f8237f6b-bbbb-4bf9-ac84-605fd8857a9d,3606.2,62.05,67.33,108.18,120.98,5.28,12.8,Improved
f8237f6b-bbbb-4bf9-ac84-605fd8857a9d_5.jpg,f8237f6b-bbbb-4bf9-ac84-605fd8857a9d,3606.2,62.05,67.33,108.18,120.98,5.28,12.8,Improved
fb8f9bf7-d6e9-483a-a611-7ed082b88075_1.jpg,fb8f9bf7-d6e9-483a-a611-7ed082b88075,1810.58,49.18,61.93,110.42,122.95,12.75,12.54,Improved
fb8f9bf7-d6e9-483a-a611-7ed082b88075_2.jpg,fb8f9bf7-d6e9-483a-a611-7ed082b88075,1810.58,49.18,61.93,110.42,122.95,12.75,12.54,Improved
fb8f9bf7-d6e9-483a-a611-7ed082b88075_3.jpg,fb8f9bf7-d6e9-483a-a611-7ed082b88075,1810.58,49.18,61.93,110.42,122.95,12.75,12.54,Improved
fca77c38-008e-4c75-b8c5-44a3e6471ff9_1.jpg,fca77c38-008e-4c75-b8c5-44a3e6471ff9,126.77,59.36,61.9,99.3,107.71,2.55,8.41,Improved
fca77c38-008e-4c75-b8c5-44a3e6471ff9_2.jpg,fca77c38-008e-4c75-b8c5-44a3e6471ff9,126.77,59.36,61.9,99.3,107.71,2.55,8.41,Improved
fca77c38-008e-4c75-b8c5-44a3e6471ff9_3.jpg,fca77c38-008e-4c75-b8c5-44a3e6471ff9,126.77,59.36,61.9,99.3,107.71,2.55,8.41,Improved
fca77c38-008e-4c75-b8c5-44a3e6471ff9_4.jpg,fca77c38-008e-4c75-b8c5-44a3e6471ff9,126.77,59.36,61.9,99.3,107.71,2.55,8.41,Improved
fca77c38-008e-4c75-b8c5-44a3e6471ff9_5.jpg,fca77c38-008e-4c75-b8c5-44a3e6471ff9,126.77,59.36,61.9,99.3,107.71,2.55,8.41,Improved
fd8744e0-7dfb-4ace-a7a1-4481c6b1c121_1.jpg,fd8744e0-7dfb-4ace-a7a1-4481c6b1c121,4416.18,52.97,58.74,130.73,133.27,5.77,2.54,Improved
fd8744e0-7dfb-4ace-a7a1-4481c6b1c121_2.jpg,fd8744e0-7dfb-4ace-a7a1-4481c6b1c121,4416.18,52.97,58.74,130.73,133.27,5.77,2.54,Improved
fd8744e0-7dfb-4ace-a7a1-4481c6b1c121_3.jpg,fd8744e0-7dfb-4ace-a7a1-4481c6b1c121,4416.18,52.97,58.74,130.73,133.27,5.77,2.54,Improved
fd8744e0-7dfb-4ace-a7a1-4481c6b1c121_4.jpg,fd8744e0-7dfb-4ace-a7a1-4481c6b1c121,4416.18,52.97,58.74,130.73,133.27,5.77,2.54,Improved
feec75cc-fc4a-4f31-96b6-9e8a31df99ee_1.jpg,feec75cc-fc4a-4f31-96b6-9e8a31df99ee,642.79,50.32,59.07,128.87,133.29,8.75,4.42,Improved
feec75cc-fc4a-4f31-96b6-9e8a31df99ee_2.jpg,feec75cc-fc4a-4f31-96b6-9e8a31df99ee,642.79,50.32,59.07,128.87,133.29,8.75,4.42,Improved
feec75cc-fc4a-4f31-96b6-9e8a31df99ee_3.jpg,feec75cc-fc4a-4f31-96b6-9e8a31df99ee,642.79,50.32,59.07,128.87,133.29,8.75,4.42,Improved
feec75cc-fc4a-4f31-96b6-9e8a31df99ee_4.jpg,feec75cc-fc4a-4f31-96b6-9e8a31df99ee,642.79,50.32,59.07,128.87,133.29,8.75,4.42,Improved
